num_facilities,overall_rating,rn_hours_total,staff_turnover_pct,total_fines,total_payment_denials,hosp_per_1000_residents,falls_with_injury,pressure_ulcers,uti_pct,catheter_pct,mobility_decline_pct,restrained_pct,incontinence_pct,weight_loss_pct,depression_pct
7.0,2.2,0.7,51.4,5.0,0.0,1.8,4.7,5.1,2.8,2.1,17.5,0.1,22.4,4.8,24.7
6.0,2.3,0.5,34.8,5.0,6.0,2.5,1.6,3.9,0.1,0.0,6.6,0.1,4.2,3.1,7.4
16.0,2.5,0.5,34.5,14.0,3.0,2.8,1.6,5.7,1.3,0.6,9.4,0.0,10.8,4.2,20.6
7.0,1.3,0.5,49.5,6.0,0.0,1.3,2.7,5.6,2.0,1.6,27.4,0.0,26.7,7.7,8.7
5.0,3.6,0.4,47.8,0.0,0.0,1.3,3.6,4.1,0.9,0.3,13.6,0.0,18.5,5.6,3.8
4.0,2.8,0.3,66.4,7.0,0.0,1.7,2.0,5.4,1.1,0.4,8.7,0.0,21.6,5.4,18.3
6.0,2.5,0.6,49.0,17.0,2.0,1.8,2.7,6.4,0.1,0.5,17.5,0.0,24.3,9.6,41.5
37.0,2.4,0.7,42.9,29.0,10.0,1.7,3.7,4.2,2.5,1.7,22.5,0.0,27.8,6.0,4.0
26.0,4.8,1.3,24.2,2.0,0.0,1.6,3.5,6.0,2.7,1.9,14.4,0.0,20.2,4.6,0.2
8.0,3.0,0.8,45.4,2.0,1.0,1.7,4.9,4.9,3.0,1.2,26.1,0.0,27.2,4.4,10.5
26.0,4.8,1.7,44.3,27.0,0.0,1.9,3.1,5.0,1.3,0.7,16.6,0.0,20.7,5.6,4.7
6.0,3.5,0.5,38.8,2.0,0.0,2.4,2.9,6.8,1.4,1.2,20.6,0.1,18.2,2.9,0.3
30.0,3.3,0.4,46.8,41.0,1.0,2.0,3.5,3.8,0.2,0.2,13.9,0.0,14.2,2.9,2.6
6.0,1.5,0.4,66.5,9.0,2.0,2.4,2.2,5.6,3.2,1.5,22.0,0.0,17.5,4.0,3.1
5.0,3.8,1.6,39.0,2.0,2.0,1.6,1.9,4.2,3.1,5.1,11.3,0.2,10.2,5.1,1.0
8.0,1.9,0.7,40.9,16.0,1.0,1.9,6.4,4.9,3.0,1.1,21.1,0.0,23.1,6.7,21.1
15.0,2.3,0.4,54.6,8.0,3.0,1.8,2.7,5.6,1.3,0.9,17.9,0.3,19.8,5.7,6.7
5.0,3.2,2.1,17.9,7.0,2.0,2.7,1.3,8.3,2.5,7.0,11.8,3.1,3.1,6.9,0.1
14.0,2.1,0.3,49.8,10.0,4.0,2.0,2.2,3.3,0.9,0.3,11.1,0.0,15.4,4.1,9.9
7.0,3.7,0.8,38.1,6.0,3.0,1.7,3.6,4.2,1.2,0.9,16.9,0.0,28.0,6.2,2.6
7.0,2.9,0.9,41.8,5.0,0.0,2.7,1.5,9.9,1.2,1.3,12.8,0.0,8.4,3.8,0.9
9.0,2.8,0.6,47.9,26.0,11.0,1.6,1.7,5.7,0.0,0.0,7.6,0.0,20.7,7.3,94.3
19.0,2.3,0.6,54.0,24.0,7.0,2.1,2.8,5.8,0.6,0.3,6.6,0.1,19.5,5.5,17.2
3.0,1.7,0.5,74.9,4.0,0.0,2.2,1.5,5.3,0.4,4.1,17.9,0.0,22.3,2.4,2.9
8.0,3.8,0.6,38.8,4.0,0.0,1.7,3.0,3.0,2.9,1.3,19.1,0.0,14.6,3.1,2.4
9.0,1.7,0.4,54.2,24.0,5.0,1.8,2.8,7.8,1.8,1.2,31.5,0.0,27.3,7.5,3.0
6.0,4.3,0.7,29.9,0.0,0.0,1.6,1.7,8.9,0.5,0.1,7.9,0.0,13.8,5.5,10.3
15.0,2.5,0.6,42.7,15.0,6.0,1.7,3.6,4.2,3.8,1.5,22.9,0.0,26.5,5.7,68.6
5.0,1.8,0.5,47.3,13.0,1.0,1.9,2.5,4.4,1.0,1.0,26.9,0.0,20.6,6.9,6.6
22.0,3.3,0.7,56.9,7.0,3.0,1.6,4.4,3.4,0.8,0.0,5.2,0.0,20.6,5.4,23.0
14.0,1.6,0.4,63.9,19.0,6.0,2.1,3.8,4.9,1.1,0.4,22.3,0.0,23.1,2.4,61.5
4.0,3.8,1.1,32.4,1.0,0.0,2.0,3.8,2.1,3.1,0.6,13.3,0.6,21.3,3.3,1.9
6.0,2.5,0.8,58.3,5.0,2.0,1.3,3.5,4.0,1.8,0.8,25.9,0.0,29.9,3.5,2.6
6.0,2.5,0.5,47.6,4.0,1.0,2.0,3.0,5.5,2.1,1.0,14.0,0.2,19.7,4.3,43.1
6.0,2.7,0.7,63.0,7.0,0.0,1.7,2.5,3.8,1.0,0.7,19.5,0.0,24.2,5.5,5.6
91.0,3.8,0.6,44.7,8.0,1.0,1.4,3.6,3.9,0.8,0.2,7.0,0.1,20.9,4.2,32.8
23.0,3.7,0.5,48.5,8.0,0.0,2.1,4.4,5.3,2.5,2.0,17.1,0.0,22.8,7.5,1.6
4.0,1.0,0.5,56.1,7.0,2.0,1.5,2.4,5.0,2.9,1.3,28.7,0.0,25.9,2.7,23.5
38.0,3.6,0.4,53.5,15.0,1.0,2.0,3.9,3.7,0.6,0.3,12.0,0.0,13.6,3.1,0.6
20.0,2.5,0.5,62.0,16.0,7.0,1.6,2.9,3.3,0.2,0.0,4.7,0.0,17.3,5.0,27.0
33.0,2.1,0.6,47.5,73.0,23.0,1.9,2.4,4.8,0.4,0.5,13.4,0.1,22.5,5.6,78.4
20.0,2.2,0.6,41.4,24.0,3.0,2.3,3.5,4.8,2.1,1.9,22.2,0.0,22.7,7.2,9.2
13.0,3.0,0.6,60.6,23.0,4.0,1.9,2.5,5.8,0.9,0.6,9.7,0.1,13.2,5.7,1.6
9.0,2.4,0.6,63.2,0.0,1.0,1.7,4.5,4.3,2.3,2.3,22.2,0.0,26.1,6.3,1.5
7.0,2.0,0.8,80.1,8.0,4.0,1.4,2.9,4.4,2.2,2.9,26.3,0.1,27.0,7.2,3.8
16.0,2.3,0.7,52.8,21.0,7.0,1.8,3.1,4.5,0.5,0.2,7.4,0.0,20.4,6.2,2.2
21.0,1.7,0.4,48.6,51.0,27.0,1.8,2.7,3.3,1.1,0.9,20.0,0.0,23.5,9.5,76.3
7.0,3.7,0.8,36.3,0.0,0.0,1.5,2.3,4.1,0.6,0.2,9.0,0.0,18.5,5.9,22.7
5.0,2.2,0.7,59.5,10.0,3.0,2.1,2.7,6.5,3.2,1.3,17.5,0.0,25.6,7.7,4.8
9.0,2.3,0.5,44.6,11.0,0.0,2.4,1.7,7.0,0.4,0.3,5.8,0.5,15.0,3.8,13.6
5.0,1.6,0.3,60.9,6.0,4.0,3.2,1.3,10.6,1.9,1.7,31.1,0.3,19.4,2.5,1.3
7.0,4.1,0.8,41.3,5.0,0.0,1.5,3.9,3.7,0.9,0.1,15.1,0.0,24.7,5.3,5.5
2.0,4.0,2.2,19.4,1.0,0.0,1.2,1.5,1.7,4.6,8.1,28.8,0.0,13.8,8.5,1.8
20.0,2.6,0.8,53.4,23.0,13.0,2.1,4.8,5.7,1.7,0.4,21.9,0.1,20.7,5.6,9.5
6.0,1.8,0.4,60.2,9.0,1.0,1.6,4.0,7.3,4.1,0.7,14.1,0.0,24.2,9.6,1.4
5.0,4.2,0.6,37.4,3.0,0.0,2.0,2.3,5.0,1.2,0.1,15.3,0.2,22.9,6.6,1.4
30.0,3.5,0.7,40.5,41.0,4.0,2.3,1.6,4.0,0.7,0.9,11.0,0.3,13.7,2.5,4.4
14.0,2.4,0.4,62.1,9.0,3.0,2.1,3.2,4.3,3.8,1.5,21.6,0.0,17.5,3.9,6.2
30.0,2.6,0.4,54.7,31.0,0.0,1.7,2.6,5.7,0.0,0.1,9.4,0.0,18.6,7.5,1.7
27.0,1.7,0.5,31.8,41.0,9.0,2.0,3.8,3.9,1.8,0.9,17.6,0.0,24.3,5.5,10.4
13.0,2.5,0.7,46.5,13.0,7.0,1.9,3.5,6.1,1.5,1.9,14.0,0.0,13.9,7.2,64.5
28.0,3.4,0.5,45.3,25.0,1.0,1.6,3.2,4.4,1.0,0.4,11.1,0.0,25.0,4.4,18.4
26.0,3.2,0.7,48.1,15.0,6.0,1.8,3.1,4.8,2.1,0.9,10.3,0.0,10.6,6.2,4.7
6.0,3.3,1.2,39.8,4.0,0.0,2.0,2.3,7.6,3.2,0.7,20.8,0.2,26.7,5.0,2.9
5.0,2.8,0.5,52.8,4.0,0.0,2.0,2.2,8.5,2.1,0.9,29.4,0.0,21.5,5.0,9.9
60.0,2.8,0.5,44.9,50.0,2.0,1.6,1.7,5.7,0.8,0.4,21.5,0.0,24.5,5.8,23.2
13.0,3.2,1.0,39.2,8.0,0.0,1.2,3.1,4.0,1.8,0.6,19.1,0.0,22.7,3.3,7.9
33.0,2.9,0.7,39.4,30.0,4.0,1.5,2.4,6.1,1.7,1.3,22.6,0.0,21.7,5.6,13.0
11.0,2.9,0.5,46.4,4.0,1.0,2.0,2.1,7.0,0.1,0.2,7.6,0.0,11.4,7.1,4.8
12.0,1.9,0.4,58.7,13.0,7.0,2.1,2.8,5.6,0.6,0.5,8.8,0.1,23.8,7.0,6.0
12.0,3.7,1.1,39.6,7.0,1.0,1.6,5.4,4.6,2.3,3.5,19.8,0.0,23.2,5.0,2.2
52.0,2.1,0.5,48.5,140.0,2.0,2.2,2.7,5.5,0.5,0.6,12.3,0.0,13.3,6.9,2.7
11.0,1.4,0.6,66.9,12.0,10.0,2.3,4.0,4.7,1.8,1.9,22.3,0.4,26.2,6.4,7.8
8.0,2.4,0.5,43.1,6.0,1.0,1.6,2.5,7.6,2.0,0.5,10.7,0.0,19.8,5.5,6.6
71.0,2.2,0.3,59.6,141.0,13.0,2.2,3.7,4.3,0.3,0.2,13.5,0.0,11.7,2.6,1.9
6.0,1.3,0.6,53.5,12.0,9.0,2.9,7.3,8.0,1.2,0.9,24.7,0.0,23.4,6.2,20.1
11.0,2.5,0.4,50.6,7.0,1.0,2.0,2.5,3.0,0.3,0.1,4.1,0.0,20.7,6.9,26.1
9.0,1.9,0.6,51.6,7.0,3.0,2.0,4.6,4.8,3.9,3.1,31.2,0.2,25.5,4.4,7.1
10.0,3.0,0.6,40.1,0.0,0.0,1.9,2.2,7.1,3.3,2.3,16.1,0.3,10.0,4.9,0.4
9.0,3.9,0.5,40.5,4.0,0.0,1.3,3.5,4.3,1.3,0.2,15.9,0.0,20.0,5.0,2.9
12.0,3.1,0.5,45.8,47.0,5.0,2.0,1.9,3.6,0.5,0.3,13.7,0.0,9.0,4.4,5.2
17.0,1.2,0.4,52.9,11.0,4.0,1.5,3.1,6.5,1.4,1.2,26.1,0.1,20.6,4.8,5.6
13.0,2.3,0.6,35.0,16.0,2.0,2.2,3.0,6.7,1.1,0.9,16.3,0.1,17.6,4.5,3.1
5.0,2.0,0.6,61.8,14.0,0.0,1.3,1.2,2.5,1.6,0.1,10.4,0.0,18.3,1.4,12.4
7.0,2.9,0.5,54.7,12.0,3.0,3.3,4.4,6.1,2.5,2.5,31.4,0.7,26.1,9.3,9.2
10.0,2.2,0.4,45.6,27.0,3.0,2.0,1.9,5.3,0.8,0.7,13.7,0.0,21.0,8.0,3.0
8.0,1.1,0.6,66.5,25.0,17.0,2.0,2.2,8.7,1.6,2.2,17.8,0.2,27.6,6.6,3.0
22.0,3.0,1.0,49.4,21.0,5.0,1.6,4.3,6.3,2.4,1.1,23.0,0.0,25.7,3.8,3.4
58.0,3.2,0.6,47.0,51.0,0.0,2.1,3.3,6.6,0.9,0.5,15.4,0.0,19.5,5.1,11.3
10.0,2.0,0.5,38.9,10.0,1.0,2.3,3.4,4.6,1.1,0.9,23.3,0.1,26.8,4.1,5.5
15.0,2.3,0.3,54.1,17.0,2.0,2.3,4.0,5.1,3.7,2.3,19.1,0.0,12.4,3.2,1.6
7.0,3.7,1.5,53.3,1.0,0.0,2.4,5.6,4.3,2.2,1.7,19.4,0.0,33.8,7.5,11.2
3.0,4.0,0.8,51.3,1.0,0.0,2.1,6.9,6.5,2.4,0.0,35.6,0.0,17.4,4.8,1.7
2.0,1.0,0.2,73.7,4.0,0.0,3.2,3.8,6.4,4.9,3.0,25.7,0.0,11.1,7.7,11.8
15.0,2.7,0.5,47.0,12.0,0.0,1.9,3.4,5.7,1.6,0.9,17.5,0.0,20.4,7.5,35.0
5.0,1.6,0.9,43.0,5.0,1.0,1.6,4.0,7.1,1.0,1.2,21.5,0.0,28.0,7.4,2.3
5.0,2.2,0.8,52.4,3.0,1.0,1.7,7.6,5.3,1.3,0.4,30.2,0.0,27.1,5.4,1.8
5.0,2.0,0.2,46.1,7.0,0.0,2.4,3.7,3.4,0.9,0.2,14.1,0.0,16.3,3.6,1.0
11.0,2.5,0.3,78.4,6.0,1.0,2.2,4.2,3.3,0.7,3.5,16.5,0.0,16.1,3.3,3.6
15.0,1.2,0.5,57.3,81.0,25.0,2.5,2.4,5.5,0.2,0.4,6.2,0.1,17.8,6.2,94.7
6.0,3.0,0.7,49.3,7.0,1.0,3.5,3.4,7.9,1.8,1.3,22.5,0.0,24.3,7.2,1.3
23.0,2.4,0.6,48.3,12.0,1.0,1.9,3.0,4.3,0.3,0.2,10.7,0.0,26.0,5.4,24.7
33.0,3.5,0.4,52.1,13.0,0.0,2.4,5.3,6.0,1.4,0.6,11.6,0.1,18.8,2.3,0.8
14.0,2.8,0.9,46.4,18.0,2.0,2.0,4.7,5.5,1.9,0.6,20.8,0.0,24.2,10.0,1.2
5.0,3.8,0.9,47.9,4.0,0.0,1.9,4.0,5.5,1.2,0.6,15.9,0.0,8.2,1.3,0.0
12.0,3.3,0.6,37.9,26.0,3.0,2.3,2.1,4.5,1.5,0.7,9.2,0.5,9.2,5.0,0.9
10.0,2.0,0.3,45.0,8.0,1.0,3.0,6.0,3.6,3.9,1.0,25.9,0.2,15.0,7.0,23.5
5.0,2.6,0.8,45.7,9.0,1.0,1.8,2.6,4.1,1.0,0.4,13.3,0.0,18.7,3.8,2.8
12.0,2.8,0.7,53.5,19.0,2.0,1.0,1.7,7.3,1.9,1.4,13.3,0.3,19.5,6.3,4.4
32.0,2.7,0.4,37.9,33.0,12.0,2.6,1.7,5.2,1.1,0.5,9.5,0.0,13.0,4.2,13.0
17.0,2.0,0.6,50.2,21.0,12.0,1.8,3.5,3.5,2.4,1.0,18.7,0.3,28.0,5.0,3.0
38.0,3.0,0.4,50.3,55.0,4.0,1.8,2.9,4.2,0.2,0.1,10.8,0.0,10.2,2.2,0.9
5.0,3.4,0.4,39.4,6.0,0.0,2.4,1.6,5.7,2.0,2.0,36.7,0.0,21.7,6.5,6.9
5.0,3.4,0.8,50.4,2.0,2.0,1.4,2.1,3.9,0.8,2.4,12.1,0.1,25.8,4.0,5.3
11.0,2.6,0.3,53.0,20.0,2.0,2.1,4.9,4.2,0.5,0.3,21.1,0.0,19.9,4.4,2.0
20.0,3.7,0.6,54.8,7.0,0.0,1.4,4.6,4.1,1.2,0.1,10.9,0.0,22.9,7.1,6.1
6.0,4.0,0.9,34.8,2.0,1.0,1.0,2.8,6.8,1.9,2.6,21.3,0.0,25.2,3.0,3.1
43.0,2.9,0.7,42.6,31.0,9.0,1.3,3.0,3.3,1.6,1.2,17.7,0.1,26.7,4.2,3.4
10.0,2.2,0.4,66.4,4.0,2.0,1.7,2.9,3.8,0.2,0.1,6.1,0.0,18.4,6.2,35.6
37.0,3.5,0.7,27.8,25.0,0.0,1.6,2.7,7.8,0.8,0.8,13.7,0.0,20.0,5.3,11.6
34.0,3.4,0.6,41.1,18.0,2.0,1.6,2.9,5.6,0.7,0.1,12.7,0.0,20.7,6.4,16.1
16.0,4.3,0.7,53.4,3.0,1.0,1.6,3.5,3.1,0.1,0.3,6.3,0.0,27.2,6.6,46.9
14.0,3.2,0.4,52.3,22.0,0.0,2.3,1.3,2.4,0.2,0.0,10.8,0.0,4.9,1.5,1.7
5.0,4.2,0.4,49.4,1.0,0.0,1.4,1.7,0.6,0.5,0.1,9.9,0.0,26.1,6.5,43.3
8.0,2.1,0.4,48.8,7.0,0.0,2.8,3.3,5.6,3.5,1.8,19.3,0.0,13.4,6.8,3.2
7.0,3.0,0.7,43.0,5.0,0.0,1.6,2.7,3.4,1.3,0.5,17.4,0.0,22.0,5.0,15.4
3.0,3.7,0.8,51.6,2.0,0.0,1.6,4.1,4.7,3.2,0.4,17.7,0.0,23.5,8.0,9.5
6.0,1.8,0.3,42.9,9.0,2.0,2.1,3.1,11.0,3.1,1.7,23.8,0.0,16.0,9.1,1.5
7.0,1.1,0.6,47.3,6.0,3.0,1.8,2.9,6.7,0.8,0.9,15.4,0.0,28.1,6.0,26.8
20.0,1.9,0.8,60.4,43.0,15.0,1.5,3.2,3.7,1.2,0.7,13.5,0.0,19.0,3.8,24.7
44.0,3.3,0.8,51.9,56.0,3.0,1.2,3.1,3.6,1.6,1.1,20.9,0.0,24.2,6.2,15.8
14.0,3.6,1.0,40.0,6.0,1.0,2.0,2.3,5.3,0.8,0.2,6.5,0.0,20.0,7.1,61.6
16.0,4.5,1.2,39.5,7.0,2.0,1.5,3.3,5.0,1.5,0.6,20.1,0.0,22.6,1.4,2.9
9.0,2.9,0.4,50.5,2.0,1.0,1.4,2.8,4.4,0.7,0.4,7.0,0.0,19.7,5.9,29.9
6.0,3.8,0.7,52.4,0.0,0.0,2.2,4.4,4.6,3.7,1.7,19.7,0.0,32.2,6.3,0.2
2.0,2.0,0.3,60.3,10.0,0.0,2.2,3.3,4.1,1.5,0.6,13.1,0.0,21.3,4.2,0.0
33.0,2.5,0.7,59.0,51.0,11.0,1.9,3.2,5.7,1.0,0.2,9.4,0.0,21.9,8.7,8.3
3.0,3.3,0.6,37.6,4.0,0.0,2.8,4.6,5.1,2.6,0.0,23.8,0.0,21.0,8.8,58.4
8.0,2.9,0.7,41.1,7.0,0.0,1.1,5.5,2.1,0.5,0.3,8.4,1.0,17.2,2.7,47.0
17.0,3.6,0.5,43.9,2.0,0.0,1.9,2.7,5.3,0.3,0.2,6.1,0.0,23.1,7.0,55.8
34.0,2.1,0.4,49.1,18.0,0.0,1.7,2.2,6.7,0.6,0.3,13.8,0.0,20.4,5.5,34.5
39.0,3.3,0.3,50.8,12.0,1.0,1.6,3.9,3.6,1.0,0.8,13.4,0.0,17.7,3.8,0.6
21.0,2.4,0.3,44.4,25.0,0.0,2.6,3.5,4.9,3.4,1.9,22.9,0.1,12.0,4.9,3.0
7.0,4.1,0.4,39.6,2.0,0.0,1.9,3.2,7.1,1.5,0.8,30.5,0.1,19.3,8.4,6.2
10.0,1.9,0.6,47.6,11.0,4.0,1.9,1.9,3.6,0.9,0.7,10.4,0.1,22.4,6.1,10.2
11.0,1.9,0.4,42.3,18.0,3.0,1.9,3.9,3.0,0.7,0.2,3.7,0.0,24.7,7.6,6.7
6.0,2.5,0.4,48.4,9.0,0.0,2.5,3.2,6.4,0.8,0.4,17.4,0.0,18.6,9.4,1.3
21.0,1.8,0.6,54.5,22.0,7.0,1.7,2.3,6.9,1.8,1.6,19.1,0.1,19.6,5.8,18.4
7.0,3.3,0.6,27.2,5.0,2.0,1.8,0.7,3.9,0.5,0.9,6.0,0.0,5.5,2.9,3.4
5.0,2.4,0.3,42.7,14.0,3.0,2.0,4.1,4.4,0.5,0.8,19.6,0.0,20.9,5.5,2.5
5.0,4.6,0.7,27.5,4.0,0.0,1.8,3.3,5.5,0.7,0.5,14.5,0.0,10.6,4.5,27.6
5.0,3.8,0.7,57.2,1.0,0.0,1.3,3.5,4.8,4.0,1.8,19.1,0.0,18.2,9.4,1.5
84.0,2.9,0.6,43.2,85.0,25.0,1.8,3.0,6.0,1.1,0.6,14.0,0.2,23.5,6.3,4.9
29.0,2.3,0.4,61.2,15.0,4.0,2.1,3.5,6.8,2.4,2.3,29.4,0.3,20.0,6.2,15.0
5.0,3.6,0.7,31.7,5.0,0.0,1.3,1.8,6.5,0.2,0.2,6.3,0.1,18.6,6.3,13.4
13.0,3.1,0.7,35.6,16.0,0.0,2.2,2.4,5.3,0.4,0.4,12.5,0.0,17.2,6.5,88.5
6.0,4.0,0.5,53.3,0.0,0.0,2.0,4.6,3.1,3.3,0.3,24.3,0.0,15.5,4.1,4.3
6.0,2.0,0.6,51.2,6.0,0.0,2.3,2.9,4.9,2.9,1.2,22.5,0.0,18.2,8.9,4.0
9.0,3.6,0.6,46.8,9.0,0.0,2.0,2.7,4.9,1.1,1.0,17.3,0.0,15.9,5.2,1.5
7.0,3.9,0.6,43.9,5.0,0.0,2.4,2.1,5.1,0.5,0.4,5.7,0.0,19.0,6.0,16.2
5.0,4.2,1.3,51.3,5.0,0.0,1.5,3.7,4.1,3.6,0.1,23.2,0.0,23.7,4.6,3.5
14.0,2.9,0.3,47.9,9.0,4.0,2.6,3.4,5.2,1.0,0.4,16.6,0.0,15.8,5.0,0.8
19.0,2.9,1.3,39.3,15.0,11.0,2.0,3.2,6.4,0.8,1.1,14.9,0.8,17.4,6.2,22.0
12.0,3.5,0.5,43.3,4.0,0.0,1.3,3.6,4.3,0.8,0.4,20.2,0.0,22.5,6.3,1.6
122.0,2.8,0.6,43.6,106.0,14.0,1.6,3.7,3.8,0.5,0.1,12.2,0.0,22.3,5.0,18.2
8.0,2.5,0.4,56.7,5.0,2.0,2.4,6.0,5.3,2.2,1.4,29.5,0.4,24.1,6.5,5.2
17.0,1.8,0.5,52.2,21.0,4.0,1.9,4.1,7.9,0.8,1.0,30.1,0.0,22.6,8.9,2.0
7.0,5.0,0.8,37.3,0.0,0.0,1.0,1.4,1.6,0.7,0.1,7.2,0.0,4.8,3.2,1.0
85.0,3.2,0.6,45.5,77.0,13.0,1.8,2.5,5.2,0.8,0.5,12.9,0.0,22.6,4.2,23.8
8.0,3.4,0.8,35.1,6.0,0.0,1.9,2.8,5.1,1.0,1.3,24.7,0.0,27.8,7.0,7.1
5.0,3.8,0.3,69.3,1.0,1.0,2.3,3.8,3.6,1.0,0.8,8.8,0.0,19.9,2.0,2.5
44.0,2.3,0.5,50.4,73.0,6.0,1.8,3.5,5.9,1.0,0.8,18.1,0.0,24.1,7.0,2.6
12.0,2.0,0.5,50.8,7.0,2.0,1.4,3.5,3.5,0.4,0.1,5.1,0.0,20.9,8.0,20.6
6.0,4.8,1.0,33.7,7.0,0.0,1.2,2.3,2.2,0.3,1.0,12.1,0.0,13.3,7.4,0.7
12.0,2.4,0.6,52.0,15.0,1.0,1.7,3.9,5.4,1.4,0.6,20.9,0.0,24.6,8.4,7.7
8.0,4.4,1.2,39.6,3.0,2.0,1.8,4.0,6.7,2.4,0.4,15.7,0.0,21.0,6.4,0.9
8.0,2.6,0.7,53.0,12.0,1.0,1.7,4.0,4.0,1.4,0.3,14.0,0.0,20.2,3.5,7.6
7.0,3.1,0.7,51.7,5.0,1.0,2.3,6.3,6.1,0.4,0.1,3.0,0.0,26.7,7.1,13.9
6.0,2.5,0.4,37.6,8.0,3.0,3.1,1.1,3.3,0.5,0.2,6.8,0.0,6.2,4.3,15.3
24.0,2.8,0.6,40.2,14.0,0.0,2.1,1.9,3.8,0.9,0.6,12.4,0.0,14.1,3.8,7.0
11.0,3.6,1.2,41.6,14.0,2.0,1.8,4.0,3.7,2.0,0.8,29.5,0.0,28.3,5.5,2.2
15.0,4.4,1.1,36.6,5.0,1.0,1.5,3.5,6.1,2.5,1.0,24.4,0.0,25.2,5.9,2.3
149.0,2.6,0.4,51.6,256.0,25.0,2.2,3.7,4.6,0.6,0.1,15.1,0.0,15.5,2.9,2.0
13.0,1.8,0.5,54.6,28.0,12.0,2.2,4.4,5.4,1.0,0.6,13.7,0.2,28.2,8.5,60.6
6.0,2.8,0.5,29.4,4.0,1.0,2.1,4.5,5.2,4.8,2.5,12.7,1.3,5.8,4.1,1.6
6.0,3.2,0.3,71.7,4.0,0.0,2.2,2.1,5.0,0.8,0.4,8.4,0.0,20.2,3.6,1.5
6.0,2.8,0.6,46.5,6.0,0.0,2.1,3.7,5.1,3.5,1.8,21.5,0.0,17.2,6.0,4.9
9.0,1.9,0.5,53.4,5.0,2.0,1.7,2.5,3.9,0.3,0.2,6.5,0.0,23.8,7.7,38.0
18.0,4.2,0.7,39.3,2.0,1.0,2.0,3.2,5.8,4.4,2.4,16.9,0.2,9.9,5.6,0.5
10.0,2.6,0.4,40.2,8.0,2.0,2.5,1.4,5.0,0.7,0.5,13.0,0.4,8.8,4.2,9.0
13.0,3.5,0.6,39.1,8.0,0.0,2.0,1.4,4.9,0.5,0.6,10.8,0.0,12.5,3.6,1.8
8.0,1.8,0.3,68.6,8.0,1.0,2.0,2.8,5.9,1.8,0.8,24.6,0.0,22.0,5.6,1.2
2.0,3.5,0.8,45.0,2.0,0.0,2.1,2.7,8.6,6.9,5.9,15.5,0.0,14.5,3.2,9.9
45.0,3.1,0.5,33.5,40.0,3.0,2.5,1.2,4.7,0.7,0.3,7.2,0.0,7.1,2.6,8.7
10.0,2.1,0.6,51.1,10.0,4.0,2.3,3.5,4.0,0.8,0.1,5.5,0.0,20.9,7.5,35.1
7.0,1.4,0.5,62.4,8.0,6.0,2.2,2.9,4.7,0.2,0.1,6.4,0.0,20.6,8.4,54.8
5.0,3.4,0.4,51.7,6.0,0.0,2.9,2.8,7.6,1.4,0.6,18.7,0.0,19.4,5.2,0.1
14.0,2.9,0.4,47.8,14.0,3.0,2.5,3.8,5.2,3.5,1.2,20.1,0.0,18.2,7.1,1.7
7.0,2.3,0.4,77.7,6.0,2.0,1.9,3.6,5.8,1.9,1.3,18.1,0.0,19.6,1.6,1.0
5.0,3.8,0.8,29.9,4.0,0.0,1.9,4.2,3.5,3.5,1.6,21.7,0.3,19.1,5.6,1.6
45.0,2.4,0.6,45.9,39.0,7.0,1.9,3.3,6.4,1.5,0.7,14.4,0.0,19.5,5.5,2.0
9.0,2.2,0.5,54.3,7.0,5.0,1.8,3.3,2.9,0.3,0.2,6.1,0.0,20.9,5.7,64.8
11.0,3.3,1.0,54.0,9.0,2.0,1.9,3.2,5.3,1.8,2.9,17.9,0.0,25.5,3.5,8.4
5.0,2.6,0.8,62.7,11.0,1.0,1.6,2.6,5.2,0.6,0.6,14.2,0.0,13.6,4.3,3.3
17.0,1.3,0.4,57.5,31.0,1.0,1.8,3.3,5.5,1.3,0.5,20.5,0.0,24.5,5.6,25.8
6.0,3.0,2.2,33.0,3.0,0.0,1.9,2.6,7.6,2.0,0.7,32.2,0.0,27.6,5.3,7.1
3.0,3.7,0.6,45.4,1.0,1.0,2.6,4.5,3.5,1.9,0.5,16.2,0.0,17.3,6.1,1.7
6.0,1.5,0.5,61.9,10.0,3.0,2.1,3.3,6.0,1.9,0.7,18.2,0.1,25.6,5.5,1.0
7.0,2.6,0.8,46.7,11.0,2.0,1.9,3.5,5.8,1.3,1.2,22.2,0.1,20.8,6.1,3.1
17.0,2.6,1.0,50.7,17.0,1.0,1.2,2.8,5.7,2.8,1.0,18.0,0.0,27.0,3.8,8.7
37.0,2.4,0.5,56.0,108.0,16.0,2.0,3.3,5.3,2.0,0.8,18.0,0.0,19.1,5.0,3.6
6.0,1.5,0.3,47.9,6.0,1.0,1.8,1.4,4.1,0.7,0.2,11.8,0.0,20.7,5.6,35.7
5.0,3.2,0.2,51.3,2.0,0.0,2.8,3.3,4.2,1.1,0.1,16.0,0.0,13.8,4.8,0.0
6.0,2.3,0.5,47.6,6.0,0.0,1.6,3.8,4.6,2.7,1.6,22.3,1.4,25.6,6.8,6.8
17.0,2.7,0.7,55.1,10.0,1.0,1.3,5.3,9.8,1.4,0.6,23.7,0.0,29.7,7.1,4.4
12.0,2.1,0.7,40.5,32.0,10.0,1.8,2.5,8.5,1.2,0.4,6.6,0.1,13.8,7.5,79.0
5.0,1.0,0.5,61.7,30.0,0.0,2.0,2.9,4.5,1.9,0.4,18.5,0.0,16.3,5.1,17.2
12.0,1.8,0.5,49.0,26.0,2.0,2.0,2.7,5.8,1.3,0.7,9.4,0.0,10.8,6.3,6.8
11.0,3.2,0.4,57.0,6.0,0.0,2.7,4.9,3.8,2.5,1.6,16.8,0.1,11.2,2.5,2.6
37.0,2.7,0.5,47.6,36.0,14.0,1.5,2.6,4.5,0.7,0.3,7.5,0.3,23.5,6.1,6.7
14.0,1.6,0.4,61.2,50.0,12.0,2.5,3.6,6.0,2.8,1.3,19.6,0.2,27.0,6.4,2.0
18.0,1.7,0.4,54.8,22.0,5.0,2.1,2.8,6.3,1.3,0.7,26.3,0.0,25.5,7.5,3.5
42.0,2.5,0.7,52.4,70.0,2.0,1.7,3.8,4.2,1.5,1.5,24.8,0.0,23.7,5.4,5.4
12.0,2.6,0.7,44.5,21.0,2.0,1.8,3.1,5.3,1.6,0.8,21.0,0.0,20.7,7.6,35.2
5.0,2.0,0.6,52.8,4.0,2.0,1.6,1.9,7.3,1.0,0.6,23.5,0.0,23.9,5.1,27.8
13.0,2.6,0.7,48.0,14.0,2.0,1.9,3.5,3.7,0.2,0.1,17.1,0.0,28.0,6.9,44.0
29.0,1.7,0.6,50.9,58.0,14.0,1.8,2.8,5.6,1.7,1.1,17.7,0.0,22.3,5.8,19.1
5.0,2.8,0.5,29.3,2.0,0.0,2.1,3.2,5.1,0.2,0.2,16.1,0.0,20.7,5.0,21.1
3.0,4.7,1.0,28.4,0.0,0.0,1.6,8.4,1.8,0.5,0.0,17.6,0.0,24.6,7.5,11.7
17.0,4.5,1.2,34.5,25.0,1.0,1.3,4.1,6.0,2.3,1.0,26.7,0.0,19.7,4.0,1.1
5.0,4.2,1.5,31.5,3.0,0.0,1.6,6.1,6.5,1.7,0.8,16.3,0.0,22.1,2.3,1.6
6.0,2.0,0.8,29.8,4.0,1.0,3.4,2.3,4.9,1.0,1.1,18.5,0.0,19.8,6.1,29.6
48.0,3.7,0.5,42.2,24.0,2.0,1.9,3.8,6.5,2.9,1.1,15.3,0.0,14.2,6.2,2.8
9.0,3.3,0.8,33.5,9.0,3.0,2.5,1.0,5.5,3.0,1.2,14.6,0.0,7.1,6.6,0.0
10.0,1.5,0.3,59.6,23.0,10.0,1.2,2.7,4.2,2.4,1.2,20.9,0.0,14.0,4.5,40.8
5.0,4.8,1.0,38.9,2.0,0.0,1.5,4.2,4.8,4.8,0.6,21.7,0.0,20.0,8.2,4.6
4.0,4.5,0.7,41.0,1.0,0.0,1.9,3.8,9.1,5.2,0.6,24.1,0.0,23.2,6.6,1.8
9.0,2.2,0.6,49.7,10.0,0.0,1.7,2.8,4.9,0.7,0.4,8.7,0.0,15.0,5.1,11.7
33.0,2.7,0.6,41.3,74.0,0.0,1.8,2.0,6.4,0.2,0.2,8.7,0.0,8.9,7.1,23.5
10.0,3.2,0.6,52.0,4.0,0.0,1.9,3.6,3.7,0.9,0.3,13.4,0.0,26.1,5.8,7.6
12.0,1.8,0.5,46.6,25.0,10.0,1.8,2.5,5.4,1.0,0.3,16.6,0.0,18.1,6.0,76.9
8.0,3.9,0.9,37.6,5.0,1.0,1.5,3.0,5.0,1.3,1.2,15.3,0.0,15.8,6.6,5.7
3.0,3.7,0.7,38.1,2.0,0.0,0.9,3.3,4.4,5.9,1.6,30.8,0.0,29.8,4.1,0.2
10.0,2.7,0.8,49.1,8.0,0.0,1.6,3.5,5.4,2.8,0.9,33.3,0.0,29.0,5.1,5.2
8.0,3.3,1.0,57.2,22.0,2.0,1.6,3.0,5.2,5.0,2.1,31.4,0.0,22.6,6.0,1.9
18.0,2.1,0.7,38.0,23.0,0.0,2.1,2.4,6.7,0.3,0.0,7.6,0.0,4.2,6.3,0.9
25.0,2.2,0.3,54.3,47.0,8.0,1.7,3.2,5.3,0.9,0.5,8.6,0.0,12.8,3.3,0.5
64.0,3.9,0.6,40.6,40.0,1.0,1.8,2.3,3.7,0.2,0.1,4.1,0.0,17.7,5.6,50.2
5.0,2.4,0.2,55.0,11.0,2.0,2.6,1.8,2.9,1.6,0.4,14.0,0.2,13.8,4.2,0.9
10.0,3.4,0.4,47.8,4.0,0.0,2.2,4.4,4.7,1.1,0.5,14.9,0.0,23.6,3.5,46.3
6.0,4.2,1.3,41.5,7.0,1.0,1.5,2.0,5.8,0.5,0.2,10.4,0.0,27.9,6.3,3.6
4.0,3.5,0.9,41.8,1.0,0.0,1.9,2.4,5.0,8.5,1.9,24.6,0.0,19.0,12.6,3.4
9.0,4.7,0.9,22.7,3.0,1.0,1.8,1.8,3.8,1.6,1.6,25.2,0.3,24.2,5.1,1.1
9.0,3.3,0.7,45.3,8.0,0.0,1.4,4.5,4.1,2.9,0.3,29.7,0.0,27.3,6.7,5.3
70.0,2.4,0.5,46.0,117.0,6.0,2.0,2.6,6.3,1.1,0.6,17.4,0.0,12.8,4.6,4.8
17.0,3.5,1.0,42.4,5.0,1.0,1.3,1.5,8.0,1.7,0.7,29.1,0.0,23.2,5.4,11.7
7.0,1.6,0.5,51.9,5.0,3.0,1.5,5.3,4.8,2.3,1.1,17.1,0.2,28.1,6.1,5.8
6.0,2.2,0.4,45.8,12.0,4.0,2.1,2.2,4.5,0.3,0.0,1.9,0.0,22.2,9.1,58.6
6.0,1.8,0.7,59.0,7.0,1.0,2.0,2.9,2.0,0.0,0.0,3.8,0.0,22.7,3.5,46.5
33.0,3.7,0.7,39.2,30.0,11.0,2.1,2.3,3.9,1.0,0.9,10.2,0.1,12.2,4.7,11.7
197.0,2.4,0.7,46.4,209.0,38.0,1.6,3.1,5.9,1.5,0.6,21.0,0.1,23.7,6.3,13.5
10.0,1.8,0.4,64.0,24.0,7.0,2.2,4.7,5.9,3.6,0.7,13.4,0.2,16.1,5.0,16.7
46.0,3.1,0.5,45.6,36.0,0.0,2.0,2.3,4.9,0.0,0.2,7.5,0.0,4.3,5.8,11.3
7.0,2.3,0.5,49.5,37.0,5.0,2.0,2.0,6.0,1.1,1.2,25.6,0.0,22.3,7.0,1.3
11.0,1.5,0.6,52.9,30.0,10.0,1.5,3.4,5.5,1.6,1.0,25.4,0.0,26.1,9.4,80.9
92.0,2.9,0.9,44.5,76.0,6.0,1.6,4.7,4.9,3.1,2.0,23.0,0.2,25.2,5.6,3.3
6.0,2.3,0.6,51.1,32.0,2.0,1.4,3.6,4.6,0.7,0.4,16.0,0.0,30.8,7.1,16.9
5.0,2.6,0.7,43.5,2.0,2.0,1.2,5.0,2.9,2.2,0.7,26.8,0.0,34.1,4.4,2.7
19.0,2.4,0.4,53.9,36.0,4.0,2.3,3.2,4.6,2.9,0.2,20.2,0.0,16.0,5.9,1.5
11.0,2.5,0.4,57.3,25.0,3.0,1.7,2.0,2.7,1.0,0.6,16.6,0.0,15.3,2.6,1.7
18.0,1.8,0.6,50.2,22.0,3.0,2.4,2.7,7.0,3.1,1.3,23.8,0.0,18.5,8.3,29.8
6.0,1.6,0.4,47.3,22.0,3.0,1.8,2.4,4.5,0.2,1.1,21.4,0.0,24.1,3.2,0.9
20.0,2.8,0.6,46.0,8.0,0.0,1.6,2.2,3.9,0.8,0.3,12.9,0.6,21.1,7.4,3.8
7.0,1.1,0.5,53.4,5.0,6.0,3.0,4.1,5.8,2.0,1.0,31.3,0.2,21.3,5.5,51.2
7.0,4.0,1.3,34.4,4.0,0.0,1.1,2.1,2.4,0.8,0.4,21.1,0.0,12.6,3.9,3.5
3.0,4.0,3.4,31.6,2.0,0.0,0.4,3.8,7.8,0.6,0.4,15.1,0.0,27.0,8.8,1.4
22.0,3.4,0.6,42.4,10.0,2.0,1.6,3.2,4.2,0.7,0.2,12.0,0.0,25.2,6.4,5.2
6.0,3.8,0.5,37.1,0.0,0.0,2.0,1.3,3.7,3.2,0.4,21.7,0.7,21.0,5.9,34.4
5.0,3.0,0.6,43.3,3.0,2.0,1.2,4.6,5.1,0.0,0.1,5.7,0.0,25.2,2.8,46.4
7.0,3.1,0.5,57.2,7.0,0.0,1.9,4.8,2.8,0.0,0.0,6.1,0.0,20.9,8.3,14.2
5.0,4.0,0.7,34.8,1.0,0.0,1.5,3.6,3.9,3.2,0.8,21.0,0.3,20.7,3.6,10.0
2.0,3.0,0.9,72.6,0.0,0.0,1.0,3.3,4.4,4.3,0.3,13.5,0.0,21.8,4.6,0.0
16.0,3.1,0.5,53.0,17.0,2.0,2.2,2.5,4.7,0.3,0.3,19.1,0.0,17.4,6.3,1.4
8.0,3.6,0.8,45.8,3.0,1.0,1.5,5.1,9.4,2.2,1.3,11.0,0.0,24.1,5.0,2.6
15.0,3.3,1.1,44.8,11.0,0.0,2.1,3.3,6.9,2.6,1.6,20.7,0.0,24.6,7.0,2.3
8.0,1.9,0.5,47.3,9.0,1.0,2.3,1.9,5.3,0.0,0.1,7.6,0.0,6.5,6.3,1.8
6.0,2.0,0.4,46.7,18.0,3.0,2.1,0.6,3.8,0.5,0.3,8.3,0.0,7.1,5.4,20.4
13.0,2.5,0.4,51.1,23.0,8.0,2.0,3.2,4.9,1.1,1.0,22.0,0.2,18.5,5.5,28.9
16.0,3.9,0.4,40.0,6.0,0.0,1.3,4.1,3.8,1.4,0.3,19.6,0.0,18.8,4.5,6.6
4.0,2.5,0.5,44.3,5.0,0.0,0.8,3.7,4.6,3.1,1.4,22.4,0.0,18.5,4.8,1.3
8.0,2.0,0.6,46.5,4.0,6.0,1.5,6.0,5.8,3.3,2.1,31.6,1.5,29.1,8.9,7.9
4.0,3.0,0.5,44.4,6.0,0.0,2.8,1.4,5.0,1.2,0.2,13.0,0.0,20.4,6.9,26.0
39.0,2.2,0.6,52.5,30.0,4.0,1.5,3.4,5.1,0.9,0.2,13.1,0.0,23.7,7.3,19.4
14.0,3.2,0.6,44.0,20.0,8.0,1.7,3.4,2.7,0.4,0.2,7.5,0.0,15.8,5.1,40.6
33.0,3.1,0.4,54.2,47.0,7.0,2.2,2.7,3.6,0.2,0.2,7.7,0.0,8.4,1.8,1.5
4.0,4.0,0.9,33.0,2.0,0.0,1.4,4.4,4.2,2.2,0.7,34.7,0.0,32.6,7.1,0.7
17.0,4.4,1.1,31.3,12.0,2.0,2.0,2.1,5.2,2.2,1.0,21.1,0.0,23.2,4.3,7.4
3.0,2.7,0.6,40.4,1.0,0.0,1.7,4.4,4.1,2.4,0.6,30.8,0.3,23.9,7.4,1.8
13.0,3.6,0.4,55.3,7.0,0.0,2.0,4.6,7.8,2.8,0.6,16.9,0.0,30.6,5.8,3.1
5.0,2.6,0.8,49.3,5.0,1.0,1.0,1.8,5.6,4.5,1.8,25.4,0.0,29.9,10.9,9.3
7.0,1.0,0.5,41.7,38.0,16.0,2.4,2.6,5.7,1.0,0.5,8.4,0.0,12.9,4.1,67.6
12.0,2.8,0.4,36.0,6.0,0.0,1.9,2.7,3.3,0.3,0.4,12.7,0.0,17.7,3.2,9.0
10.0,3.1,0.7,55.0,2.0,2.0,1.4,3.6,4.7,2.4,0.8,25.0,0.0,25.7,5.8,20.4
22.0,2.8,0.6,60.3,39.0,6.0,1.8,3.8,7.4,1.9,1.5,17.2,0.0,26.3,6.2,25.6
5.0,2.0,0.3,60.7,3.0,2.0,2.2,4.5,4.8,7.4,2.3,24.8,0.0,20.3,6.5,2.0
4.0,3.0,0.5,34.5,16.0,0.0,3.2,0.6,3.3,1.7,1.6,12.2,0.0,6.9,4.0,0.3
3.0,4.7,1.5,29.7,0.0,0.0,1.7,2.8,1.5,1.8,0.6,26.7,0.0,35.1,3.6,1.1
13.0,2.5,0.4,54.3,14.0,2.0,2.4,3.6,5.5,1.5,0.9,17.0,0.0,27.5,6.9,6.8
20.0,3.3,0.7,41.5,9.0,0.0,2.1,2.5,5.2,0.4,0.3,9.3,0.0,10.8,6.8,15.0
69.0,2.3,0.5,45.2,108.0,18.0,1.8,3.6,4.8,1.0,0.7,9.1,0.1,23.7,6.7,60.2
3.0,5.0,1.6,33.9,2.0,0.0,1.3,2.3,5.0,1.3,0.4,32.3,0.0,28.5,3.2,0.7
6.0,1.7,0.3,48.0,5.0,2.0,4.1,2.6,5.2,4.7,1.9,38.2,0.1,25.3,5.9,0.3
15.0,2.7,0.6,48.4,13.0,0.0,1.7,3.5,3.7,2.4,1.0,24.4,0.0,27.6,5.6,25.2
5.0,1.8,0.5,61.4,3.0,2.0,1.7,6.3,2.1,1.9,4.2,23.5,0.0,22.5,7.4,38.4
4.0,1.8,0.5,58.1,9.0,6.0,1.5,3.3,5.3,1.5,2.9,20.7,0.1,22.8,7.1,4.4
9.0,3.8,0.4,36.6,1.0,1.0,1.7,2.4,1.4,1.0,0.1,6.9,0.2,12.4,6.2,47.3
58.0,2.5,0.4,56.0,35.0,14.0,2.0,4.1,4.3,3.1,1.5,20.5,0.1,16.4,4.0,4.2
18.0,2.6,0.5,47.2,15.0,0.0,1.8,3.2,4.0,0.9,0.5,14.7,0.0,17.6,5.9,2.1
19.0,1.6,0.4,75.4,33.0,7.0,1.8,3.3,5.8,1.3,0.6,22.3,0.0,22.0,5.1,27.5
6.0,2.0,0.3,57.7,4.0,2.0,2.3,3.9,3.4,2.3,2.7,12.8,0.0,16.8,5.4,3.8
3.0,4.0,1.0,48.9,15.0,1.0,1.4,2.9,3.6,3.0,1.1,21.4,0.0,21.3,5.8,0.4
2.0,5.0,1.6,28.9,0.0,0.0,2.9,0.0,9.2,0.8,0.0,20.0,0.0,3.8,3.5,0.0
13.0,1.6,0.7,74.5,37.0,4.0,1.6,2.9,7.4,1.0,2.2,23.5,0.1,25.6,6.9,7.1
11.0,2.2,0.5,44.3,14.0,2.0,2.1,1.9,4.9,1.6,1.3,11.8,0.1,13.6,4.3,9.5
7.0,4.4,1.3,29.0,3.0,0.0,1.4,4.5,5.5,2.1,3.0,25.1,0.0,26.0,4.7,0.7
7.0,1.6,0.6,47.9,3.0,1.0,0.9,3.3,5.4,2.5,1.3,41.1,0.0,33.7,8.0,30.4
4.0,3.5,2.1,34.9,1.0,0.0,1.0,0.6,21.2,3.5,3.5,14.4,0.0,3.0,6.4,1.4
6.0,3.7,0.8,56.1,1.0,0.0,1.8,3.0,5.6,0.6,0.0,8.8,0.0,27.0,5.9,22.1
2.0,3.5,1.5,59.6,1.0,0.0,1.9,3.1,5.0,1.3,0.7,16.6,0.0,13.8,6.3,4.2
7.0,3.9,0.8,43.3,6.0,1.0,1.3,5.1,9.0,2.0,0.5,16.6,0.0,21.2,5.6,4.3
5.0,4.4,0.8,49.1,2.0,0.0,1.9,3.1,2.2,0.1,0.0,11.0,0.0,9.7,6.2,8.4
5.0,1.6,0.7,57.7,1.0,2.0,1.8,4.4,8.1,3.8,0.8,21.5,0.0,26.3,8.3,3.2
16.0,3.1,0.6,54.2,2.0,1.0,1.7,2.5,4.4,0.7,0.2,7.4,0.0,24.6,6.3,36.0
90.0,3.0,0.7,45.4,123.0,29.0,1.8,2.8,5.5,1.7,1.2,14.7,0.1,23.1,6.6,48.1
9.0,1.9,0.2,47.9,14.0,2.0,2.0,2.2,6.4,0.7,0.6,17.3,0.0,20.3,5.1,2.9
34.0,2.6,0.4,55.6,48.0,8.0,2.0,3.5,6.6,3.4,1.6,20.7,0.0,24.1,6.2,3.9
194.0,3.5,0.7,42.1,118.0,10.0,1.7,3.0,4.7,0.9,0.4,12.7,0.1,22.2,5.9,5.9
21.0,3.9,1.0,37.3,11.0,2.0,1.8,4.4,4.5,1.7,2.0,21.3,0.0,20.0,3.7,2.6
2.0,2.5,0.6,33.0,2.0,0.0,2.1,1.6,5.2,3.1,1.4,23.7,0.0,14.9,5.0,0.7
9.0,3.8,2.5,48.0,11.0,0.0,1.4,4.1,4.8,4.6,0.8,21.0,0.0,19.5,6.9,4.5
16.0,3.9,1.2,41.1,12.0,0.0,1.9,3.1,4.7,1.6,0.2,17.2,0.0,19.1,5.3,2.2
4.0,1.8,0.6,34.3,11.0,0.0,1.6,3.9,4.1,1.6,0.6,19.5,0.0,23.7,5.3,3.5
59.0,2.1,0.5,54.9,70.0,14.0,1.4,3.3,5.7,1.0,0.5,16.1,0.0,25.0,5.7,43.0
28.0,2.7,0.6,46.7,20.0,3.0,2.0,1.5,4.6,0.9,0.8,12.7,0.3,6.0,4.3,8.5
20.0,2.5,0.6,59.1,33.0,6.0,1.8,3.3,3.8,0.2,0.1,6.5,0.0,23.8,7.5,48.0
3.0,5.0,1.5,31.4,0.0,0.0,2.2,9.3,3.1,3.5,0.0,16.2,0.0,27.6,6.7,0.3
15.0,2.3,0.6,54.7,28.0,0.0,2.2,2.4,5.4,1.4,1.0,15.5,0.0,26.1,8.5,7.1
38.0,2.0,0.5,40.6,53.0,15.0,2.9,1.5,6.7,2.1,0.8,10.2,0.4,8.9,6.6,0.3
8.0,3.3,0.8,50.9,1.0,0.0,1.5,2.4,7.6,5.1,1.5,44.8,0.0,24.5,6.8,4.6
9.0,4.3,0.8,39.0,9.0,0.0,1.3,4.6,6.2,4.2,1.9,33.2,0.1,28.7,8.8,0.9
15.0,1.7,0.4,48.3,26.0,2.0,1.8,3.7,3.9,0.9,0.7,13.5,0.0,20.2,8.4,26.6
12.0,3.3,0.6,49.3,16.0,2.0,1.6,2.4,3.3,0.5,0.5,11.5,0.0,15.4,4.4,3.8
6.0,2.5,0.5,43.5,1.0,0.0,1.8,4.4,4.6,1.3,0.6,17.8,0.3,10.0,2.9,2.9
5.0,4.2,1.5,37.1,3.0,1.0,1.0,4.7,5.8,2.6,1.3,26.8,0.0,30.5,5.5,6.8
34.0,2.5,0.5,53.4,23.0,15.0,1.6,3.7,4.2,0.4,0.2,5.7,0.0,24.3,6.3,36.7
6.0,2.2,0.6,47.1,5.0,3.0,1.9,4.2,3.1,1.7,2.5,19.8,0.0,25.6,4.3,3.6
3.0,3.0,1.2,41.5,3.0,1.0,1.3,1.0,13.2,5.8,3.4,18.2,0.0,29.8,6.9,8.3
18.0,2.9,0.6,38.3,53.0,3.0,2.0,2.3,7.3,0.4,0.7,10.7,0.4,6.8,4.5,1.5
16.0,3.9,0.8,48.4,2.0,0.0,1.5,2.8,10.7,2.2,2.7,27.5,0.2,21.8,7.5,3.9
80.0,2.9,0.7,41.9,85.0,8.0,1.8,2.7,5.7,0.8,0.6,11.5,0.1,21.5,6.4,40.9
6.0,2.8,0.7,43.4,5.0,2.0,2.2,4.4,3.7,4.3,2.5,11.0,0.0,15.9,6.2,1.6
11.0,3.4,0.5,44.6,9.0,2.0,1.7,2.5,6.7,1.3,0.5,16.4,0.1,16.7,5.9,1.8
11.0,3.3,0.6,42.8,5.0,0.0,2.1,2.6,5.2,0.3,0.5,7.9,0.0,17.7,3.6,5.7
20.0,2.6,0.6,54.3,26.0,3.0,1.8,4.3,3.6,4.1,0.6,17.5,0.0,25.1,4.4,2.6
49.0,3.3,0.9,44.8,41.0,14.0,1.7,3.1,5.7,1.3,0.5,9.5,0.3,21.9,6.6,2.9
3.0,4.3,2.4,37.9,1.0,0.0,1.1,7.5,13.8,6.0,2.3,10.9,0.0,20.7,6.3,0.0
6.0,4.3,0.8,40.1,4.0,0.0,1.6,2.9,5.0,1.9,1.4,28.6,0.0,21.3,10.7,1.0
29.0,2.2,0.4,59.9,31.0,16.0,2.2,2.7,4.2,0.5,0.0,9.4,0.0,18.3,2.9,34.1
7.0,3.7,0.8,44.3,5.0,0.0,2.0,3.2,6.6,1.6,0.5,13.2,0.0,18.1,7.6,11.2
7.0,2.9,0.6,53.6,5.0,0.0,1.6,4.0,2.5,0.0,0.0,11.6,0.0,23.4,5.2,67.0
10.0,3.4,0.8,50.9,5.0,0.0,1.9,3.0,4.5,2.6,1.1,12.2,0.0,24.9,3.5,1.1
5.0,4.2,1.1,23.1,2.0,0.0,2.2,1.0,4.9,1.0,0.7,20.5,0.2,14.5,4.1,1.2
14.0,3.9,0.8,49.4,1.0,0.0,1.4,4.1,5.6,3.5,0.6,17.6,0.0,11.7,6.8,10.0
40.0,2.5,0.6,50.6,24.0,5.0,2.0,3.4,5.0,3.5,1.5,18.5,0.0,18.6,4.8,11.3
4.0,3.0,0.9,54.9,4.0,1.0,1.5,5.4,4.2,1.2,0.4,10.0,0.0,28.2,5.2,3.6
22.0,2.6,0.7,43.8,41.0,23.0,1.6,2.3,5.3,1.6,0.5,8.5,0.0,16.9,4.0,3.7
5.0,3.4,0.6,49.0,7.0,0.0,2.2,3.4,3.9,6.1,2.2,22.9,0.0,25.8,4.8,0.9
6.0,3.0,0.4,56.1,9.0,0.0,1.9,3.0,3.2,0.6,0.1,7.8,0.2,15.8,2.9,1.3
9.0,2.3,0.6,65.1,7.0,1.0,2.2,3.7,4.4,1.5,1.5,11.7,0.0,18.3,2.0,16.1
9.0,1.9,0.2,68.5,12.0,1.0,2.3,3.5,4.5,0.2,0.0,16.8,0.0,13.9,2.1,0.9
45.0,2.2,0.8,49.1,86.0,5.0,1.8,3.3,7.1,1.8,1.8,18.4,0.0,22.3,5.1,5.1
14.0,3.2,1.1,60.9,13.0,0.0,1.0,2.8,4.4,1.5,0.6,14.4,0.1,19.2,2.9,12.3
7.0,2.4,0.5,54.9,17.0,1.0,2.0,3.9,4.1,0.3,0.5,6.4,0.0,28.4,8.7,26.3
12.0,3.9,0.5,40.1,3.0,1.0,2.2,1.7,3.2,0.4,0.1,5.2,0.0,12.0,3.6,7.0
42.0,3.1,0.7,37.9,35.0,0.0,1.8,3.5,4.6,1.0,0.4,13.3,0.0,28.1,7.3,36.3
64.0,3.9,0.7,48.1,20.0,5.0,1.4,4.0,4.1,1.8,0.9,15.0,0.0,18.8,5.0,3.2
2.0,4.0,1.1,41.5,1.0,0.0,1.2,1.9,6.1,1.2,0.2,40.5,0.0,23.7,5.0,1.7
7.0,2.4,0.6,51.2,13.0,0.0,2.5,2.8,4.8,0.8,1.1,14.8,0.0,22.8,7.6,2.0
5.0,3.2,2.7,46.9,7.0,0.0,1.6,0.5,6.0,0.4,3.3,15.4,0.0,9.4,4.4,2.0
5.0,4.4,1.6,23.1,1.0,0.0,1.3,1.2,10.8,1.4,0.3,11.5,0.8,12.4,3.9,1.6
20.0,3.6,0.7,42.7,14.0,6.0,1.7,2.4,5.0,1.2,0.6,11.0,0.1,7.2,5.4,1.7
52.0,2.5,0.4,44.6,74.0,9.0,2.1,2.5,4.5,0.6,1.1,23.6,0.2,15.8,4.7,0.8
14.0,1.9,0.6,42.9,22.0,0.0,2.3,3.4,6.3,2.4,1.3,10.3,0.2,25.0,6.1,17.0
43.0,2.7,0.5,51.9,12.0,2.0,1.9,3.0,7.1,1.8,0.8,11.5,0.0,9.8,4.9,0.9
5.0,3.4,0.6,40.7,2.0,0.0,2.2,3.6,4.5,1.0,0.0,10.5,0.0,13.3,5.9,0.8
10.0,2.5,0.7,46.9,2.0,0.0,2.5,3.7,5.0,3.9,1.5,14.0,0.0,9.8,5.9,1.4
31.0,1.8,0.4,56.2,45.0,10.0,2.4,3.0,7.3,1.7,0.9,19.2,0.7,12.6,4.9,0.3
9.0,2.4,0.9,50.7,3.0,0.0,2.0,4.8,3.8,2.3,0.9,34.8,0.1,28.8,2.9,8.3
2.0,3.0,1.0,32.7,0.0,0.0,0.8,1.7,6.2,0.2,1.8,17.9,0.0,24.3,6.6,0.7
58.0,2.8,1.0,43.6,38.0,5.0,1.7,3.6,5.2,2.9,2.6,27.6,0.2,28.4,4.7,5.5
7.0,2.4,0.5,48.6,3.0,3.0,2.6,1.6,5.0,0.3,0.1,3.5,0.0,20.9,5.1,49.0
5.0,3.2,0.7,41.5,4.0,2.0,2.1,4.2,2.9,0.3,0.1,6.9,0.0,26.2,4.9,20.6
6.0,2.3,0.5,57.1,12.0,2.0,2.3,2.3,11.3,1.2,0.6,7.9,0.4,10.3,4.7,0.4
11.0,2.6,0.4,38.3,8.0,0.0,2.1,2.9,4.8,0.8,1.1,14.1,0.0,18.5,6.5,4.3
6.0,3.7,1.5,38.9,2.0,1.0,1.2,2.2,5.5,5.0,1.3,29.5,0.0,18.5,4.6,0.4
11.0,4.6,1.0,43.6,1.0,0.0,1.4,2.5,2.2,1.4,0.1,15.0,0.0,19.2,4.3,8.5
7.0,2.3,0.4,61.3,26.0,0.0,2.3,7.5,3.3,1.4,2.8,23.0,0.0,23.4,5.0,4.9
6.0,3.8,0.5,50.7,1.0,0.0,1.7,3.7,4.3,0.0,0.0,7.8,0.0,22.8,5.2,35.4
8.0,4.9,1.1,30.0,0.0,0.0,2.5,0.8,3.7,0.0,0.3,5.2,0.0,4.0,5.1,4.7
47.0,2.3,0.4,51.7,86.0,13.0,1.7,2.7,3.4,0.3,0.3,11.3,0.0,18.3,4.1,2.4
35.0,2.5,0.6,53.4,44.0,16.0,1.7,2.6,6.8,1.1,0.4,12.3,0.0,22.7,5.8,18.7
8.0,3.0,0.7,35.2,21.0,0.0,1.9,2.7,6.3,1.1,0.5,13.9,0.0,17.7,4.2,16.2
2.0,2.5,0.7,37.6,0.0,0.0,1.3,5.8,2.8,6.7,0.5,9.2,0.0,22.2,7.6,9.0
19.0,2.9,0.8,51.9,6.0,1.0,1.7,4.3,3.8,0.5,0.4,5.2,0.0,25.3,7.4,10.3
15.0,2.3,0.4,36.9,19.0,7.0,3.0,1.1,5.1,0.8,0.9,9.4,0.1,9.0,8.0,22.6
10.0,4.7,1.3,41.5,2.0,1.0,1.2,1.9,6.8,1.7,1.3,21.9,0.0,20.1,6.4,3.0
251.0,2.9,0.5,47.7,235.0,68.0,1.8,2.1,4.4,0.7,0.5,10.5,0.1,15.4,3.1,15.9
6.0,2.0,0.3,50.3,12.0,3.0,2.0,4.7,3.8,2.1,1.2,28.0,0.0,22.1,9.1,14.7
14.0,3.0,0.6,44.9,16.0,0.0,2.2,2.2,4.5,1.1,0.5,14.6,0.0,18.9,6.1,0.7
17.0,2.2,0.4,51.9,35.0,5.0,2.2,2.8,5.5,0.4,0.1,8.6,0.0,12.6,5.2,1.7
6.0,3.3,0.4,55.8,0.0,0.0,1.9,7.6,4.7,5.6,1.1,20.1,0.0,6.9,11.1,11.0
11.0,4.5,0.8,32.1,0.0,0.0,1.5,2.9,7.8,0.7,0.3,10.8,0.2,9.7,5.8,37.0
9.0,3.0,0.5,40.7,12.0,0.0,2.0,1.8,4.7,0.7,0.1,12.0,0.0,19.1,3.9,18.1
8.0,2.0,0.3,50.8,13.0,0.0,2.3,1.9,5.7,1.0,1.1,25.0,0.0,19.3,2.7,0.8
14.0,2.3,0.3,46.0,8.0,4.0,2.7,4.0,6.5,2.2,2.1,26.3,0.1,15.5,5.3,1.5
5.0,3.0,0.6,28.7,10.0,3.0,1.9,1.2,4.4,0.3,0.5,11.7,0.0,23.8,6.4,90.0
10.0,1.9,0.4,45.4,17.0,1.0,2.3,2.0,6.6,1.5,1.5,13.0,0.2,15.5,5.8,17.1
9.0,3.4,0.4,47.1,4.0,1.0,1.7,4.5,6.0,2.6,0.3,19.4,0.0,16.7,10.0,3.2
13.0,2.8,0.8,46.1,23.0,6.0,1.8,2.5,5.7,0.5,0.6,10.2,0.0,19.1,5.5,82.0
18.0,2.8,0.6,50.7,23.0,0.0,1.9,3.3,6.6,0.9,0.6,15.1,0.2,21.5,9.0,6.3
14.0,1.7,0.6,52.9,25.0,15.0,1.7,3.9,5.5,1.4,0.8,30.6,0.0,26.4,4.1,29.6
5.0,2.8,0.5,35.8,1.0,0.0,2.0,1.9,9.0,0.7,0.4,8.8,0.2,12.8,5.9,23.4
6.0,3.0,0.4,51.7,4.0,1.0,2.4,4.8,4.9,3.7,0.8,16.3,0.0,20.5,5.1,1.7
2.0,2.5,0.7,52.1,3.0,1.0,1.3,8.6,4.2,3.3,3.5,23.0,0.0,21.1,12.5,5.5
9.0,2.5,0.5,57.5,6.0,10.0,2.4,2.0,6.6,0.9,1.4,7.4,0.0,9.7,4.2,4.3
9.0,4.0,1.1,53.1,3.0,0.0,1.4,3.7,3.3,3.1,1.4,23.1,0.0,29.3,4.2,1.4
14.0,1.9,0.6,60.4,25.0,6.0,2.1,3.1,4.3,1.1,0.6,19.5,0.0,16.6,7.8,6.1
16.0,1.4,0.1,50.0,19.0,4.0,2.7,3.8,6.7,2.2,1.1,19.4,0.0,18.8,5.4,0.7
12.0,1.3,0.4,54.9,19.0,16.0,2.7,4.0,6.3,4.7,3.1,25.6,0.2,21.9,5.2,13.6
6.0,1.8,0.6,57.2,15.0,1.0,1.5,2.6,5.5,1.0,0.8,17.5,0.0,24.7,9.4,2.0
13.0,3.6,0.6,51.2,4.0,0.0,2.3,1.8,5.2,1.3,0.4,10.0,0.0,16.6,4.2,13.6
3.0,2.7,0.7,50.3,8.0,2.0,2.6,3.6,5.9,0.1,0.5,17.5,0.0,24.6,5.8,86.4
5.0,4.8,1.3,53.1,0.0,0.0,1.1,11.8,4.6,2.0,0.0,8.7,0.0,24.5,0.0,0.0
20.0,4.4,1.2,32.2,6.0,3.0,1.2,4.4,6.9,3.5,2.8,28.6,0.0,30.5,4.1,4.4
13.0,3.9,0.9,50.2,10.0,3.0,1.5,5.6,4.8,4.2,1.7,24.0,0.0,29.7,5.1,2.6
12.0,3.4,0.9,41.8,10.0,0.0,1.4,3.9,3.9,1.3,0.6,25.6,0.0,30.0,6.6,5.5
5.0,3.6,1.1,41.6,5.0,0.0,1.3,4.2,3.7,1.2,2.0,25.0,0.1,35.3,7.7,4.1
9.0,2.0,0.5,47.0,9.0,2.0,1.5,2.9,8.7,1.2,0.6,18.1,0.0,18.7,5.8,2.9
6.0,2.7,0.7,44.7,7.0,0.0,1.1,3.0,6.5,0.8,0.6,24.8,0.0,20.6,2.3,6.9
4.0,2.0,0.5,56.8,8.0,4.0,1.5,2.5,3.5,1.9,0.6,19.7,0.0,26.2,7.6,4.7
15.0,3.5,0.6,46.1,21.0,5.0,1.7,2.5,3.6,1.0,0.4,10.4,0.0,25.3,5.1,17.9
5.0,3.0,0.6,54.3,0.0,0.0,2.5,2.6,5.2,3.3,1.5,12.5,0.0,11.9,5.0,0.1
5.0,4.0,0.6,40.0,1.0,0.0,1.7,3.7,6.3,1.3,1.7,13.0,0.0,10.0,5.4,0.8
5.0,3.6,2.5,13.5,6.0,4.0,2.2,1.4,9.0,3.2,6.0,11.7,0.0,3.8,3.8,7.8
11.0,1.5,0.4,72.2,4.0,7.0,2.4,6.1,5.9,3.5,2.4,23.7,0.1,16.2,7.2,13.7
44.0,3.0,0.6,49.5,40.0,8.0,1.7,3.1,5.8,1.6,0.4,16.9,0.0,7.7,6.0,1.9
16.0,2.7,0.6,48.5,16.0,4.0,1.8,3.6,4.4,2.7,1.0,19.4,0.1,24.4,7.4,2.7
37.0,2.8,0.3,52.6,40.0,3.0,2.4,3.1,4.8,0.2,0.1,15.0,0.0,14.8,3.5,8.7
5.0,2.8,0.2,68.3,1.0,1.0,1.8,1.4,6.4,0.9,1.3,11.5,0.0,10.8,6.3,0.2
11.0,2.6,0.6,53.7,11.0,2.0,2.0,3.4,4.5,0.2,0.0,5.9,0.0,23.0,5.5,36.5
4.0,2.5,0.5,41.2,4.0,2.0,1.5,1.6,3.3,0.6,0.7,10.8,0.0,17.2,4.1,13.5
3.0,3.3,1.1,47.3,0.0,0.0,2.5,0.0,4.1,0.0,0.0,19.4,0.0,31.9,6.9,6.5
8.0,2.9,1.6,46.6,8.0,0.0,1.4,1.7,7.8,3.2,3.9,16.1,1.6,15.0,4.5,5.9
3.0,3.3,0.7,45.4,0.0,0.0,2.6,6.1,3.9,1.9,0.2,16.1,0.0,21.8,8.0,1.9
95.0,2.8,0.6,42.9,77.0,11.0,1.9,2.8,6.4,2.1,0.8,13.7,0.0,13.6,4.8,3.5
7.0,3.4,0.8,49.3,6.0,2.0,2.6,2.6,6.9,0.8,0.7,13.7,0.0,18.0,6.5,2.3
10.0,2.8,0.7,54.3,4.0,1.0,1.4,1.9,4.0,1.4,0.2,13.8,0.0,27.8,6.9,14.6
9.0,4.0,0.7,44.2,0.0,0.0,1.5,2.8,5.6,3.6,0.5,18.2,0.0,14.3,3.8,1.0
26.0,2.3,0.6,56.3,62.0,2.0,1.7,3.0,4.6,1.8,1.8,21.2,0.1,23.8,5.6,6.5
9.0,1.8,0.6,38.7,14.0,0.0,2.1,3.3,4.8,1.4,0.8,25.0,0.0,22.9,6.1,3.5
4.0,2.8,0.5,43.5,0.0,0.0,2.1,3.1,5.7,1.2,0.7,29.4,0.0,23.0,5.7,0.3
27.0,3.7,0.9,44.4,23.0,3.0,1.5,3.3,5.3,2.7,1.4,27.4,0.0,20.7,4.4,11.7
5.0,3.0,0.5,52.8,0.0,0.0,1.9,3.0,6.2,2.0,0.9,16.1,0.1,5.7,5.1,1.3
6.0,3.2,0.7,36.6,1.0,1.0,1.9,3.4,5.2,2.6,1.6,21.3,0.2,13.5,4.7,1.2
5.0,3.2,0.3,40.2,2.0,0.0,2.2,4.2,3.9,3.8,1.2,17.1,0.0,22.0,6.1,3.9
30.0,1.2,0.3,64.7,59.0,28.0,2.1,1.3,3.2,1.0,1.1,40.0,0.1,17.3,4.9,34.7
6.0,4.7,1.0,44.6,0.0,0.0,1.9,3.2,1.9,3.0,1.7,22.6,0.0,26.7,3.7,1.2
7.0,2.9,0.8,44.5,6.0,0.0,1.7,6.3,4.9,2.6,0.9,28.0,0.0,22.8,4.5,8.4
13.0,2.8,0.2,40.9,15.0,0.0,2.3,4.1,4.5,2.2,1.9,27.9,0.0,17.7,5.8,1.1
5.0,1.8,0.3,58.0,4.0,1.0,2.6,5.4,4.3,4.3,2.7,16.5,0.0,13.9,9.6,7.0
7.0,2.1,0.3,55.2,7.0,9.0,2.6,3.1,5.0,1.8,1.3,16.9,0.0,20.6,2.5,3.9
6.0,3.5,0.8,44.1,1.0,0.0,1.5,3.8,8.7,3.0,1.3,19.6,0.0,25.5,5.7,1.4
9.0,2.8,0.3,36.4,20.0,5.0,2.1,1.2,3.1,1.0,1.2,11.8,0.0,11.1,6.1,0.4
8.0,3.4,0.5,40.9,10.0,0.0,2.1,2.0,5.2,0.5,0.1,15.0,0.0,14.1,5.8,2.3
5.0,4.0,0.6,38.5,1.0,0.0,1.8,4.5,8.1,0.9,0.2,14.1,0.0,14.2,6.9,3.0
8.0,2.9,1.2,58.5,18.0,2.0,1.5,3.6,3.8,1.7,1.0,25.5,0.0,22.1,3.3,12.6
10.0,2.1,0.4,43.4,24.0,5.0,3.6,0.7,3.0,0.9,2.9,15.8,0.1,5.2,1.1,1.5
12.0,2.9,0.7,49.8,11.0,0.0,2.0,4.8,3.6,2.8,0.5,18.5,0.0,24.6,4.4,26.1
7.0,3.3,0.4,49.3,16.0,1.0,2.1,3.2,2.2,0.2,0.0,7.7,0.0,11.3,3.5,1.2
8.0,2.0,0.7,42.9,7.0,0.0,3.3,3.6,5.5,3.9,1.1,28.9,0.0,26.6,6.6,1.9
11.0,1.5,0.4,45.6,39.0,16.0,2.6,1.7,5.6,0.3,0.2,8.2,0.0,13.7,1.6,93.4
126.0,3.0,0.6,48.9,135.0,10.0,1.6,3.0,4.2,1.4,0.5,17.7,0.0,20.0,6.1,10.6
4.0,4.5,1.5,29.6,0.0,2.0,1.5,2.7,3.4,1.1,0.8,26.0,0.0,27.1,6.3,5.1
3.0,2.0,0.7,51.9,1.0,0.0,1.5,0.4,6.2,0.4,2.7,16.1,0.0,14.6,7.2,5.7
4.0,2.5,0.9,50.0,4.0,1.0,1.8,5.2,5.4,1.8,3.1,26.2,0.2,23.4,5.6,4.5
17.0,3.9,0.5,38.7,14.0,1.0,1.9,4.2,5.4,1.2,0.2,15.2,0.0,14.8,4.0,23.0
5.0,4.4,1.0,45.8,2.0,0.0,1.9,3.1,5.0,1.3,0.7,16.6,0.0,20.7,0.0,4.7
8.0,2.6,0.7,40.1,3.0,0.0,1.5,2.6,7.1,0.6,0.1,12.2,0.0,24.1,5.8,42.3
8.0,1.8,0.7,98.2,11.0,0.0,1.7,3.1,8.5,1.4,0.9,23.5,0.7,18.8,4.4,5.0
9.0,2.8,0.8,42.8,5.0,2.0,2.2,3.7,9.5,3.0,1.4,16.9,0.0,20.2,8.1,4.8
8.0,2.0,0.6,43.4,5.0,0.0,2.2,1.3,6.8,0.2,0.1,6.5,0.0,3.5,6.6,0.5
2.0,4.0,1.5,37.9,2.0,0.0,2.7,2.5,4.1,0.0,1.9,26.3,0.0,30.0,4.1,1.4
9.0,4.3,1.3,53.8,5.0,1.0,1.5,2.4,5.2,1.7,1.6,17.9,0.0,18.7,7.2,6.6
11.0,2.5,0.5,41.7,17.0,13.0,2.8,0.9,5.0,1.1,0.6,7.5,0.1,14.5,4.3,10.4
8.0,3.0,0.4,65.0,3.0,0.0,1.9,4.7,5.4,2.8,0.5,22.5,0.0,11.9,9.2,17.5
5.0,2.8,0.7,40.5,4.0,0.0,1.6,2.2,8.1,3.4,1.5,26.7,1.1,17.5,8.6,31.0
9.0,2.4,0.7,50.7,11.0,6.0,1.9,3.0,5.0,2.7,1.6,21.3,0.0,26.6,6.4,25.3
16.0,2.3,0.4,41.2,32.0,7.0,2.2,2.2,5.5,0.8,0.5,10.5,0.3,11.2,4.1,10.4
71.0,3.1,0.7,47.3,39.0,6.0,1.7,3.4,6.1,0.7,0.2,14.2,0.0,19.3,6.3,18.6
97.0,2.2,0.5,51.5,118.0,26.0,2.0,3.3,6.1,1.6,0.4,19.4,0.0,19.1,7.4,5.2
6.0,2.8,0.6,40.9,5.0,1.0,2.3,2.7,5.4,0.9,1.5,11.4,0.0,25.0,4.6,1.7
30.0,2.7,0.4,54.2,45.0,12.0,2.2,3.1,4.5,0.3,0.1,19.8,0.0,14.2,1.8,1.6
5.0,4.6,0.8,35.5,4.0,0.0,1.4,6.3,5.3,3.3,0.9,19.6,0.0,26.4,5.4,2.8
4.0,1.8,0.4,54.3,5.0,1.0,1.9,5.3,6.4,2.7,0.4,18.0,0.0,20.0,8.4,2.5
8.0,2.5,0.8,44.1,10.0,2.0,2.0,1.7,7.4,1.0,0.6,10.3,0.0,10.0,4.3,9.6
22.0,3.7,0.7,35.5,14.0,0.0,2.2,2.4,4.2,0.9,0.2,12.6,0.0,10.1,4.0,3.3
5.0,3.0,1.1,38.8,29.0,1.0,2.6,2.5,6.6,1.1,0.7,7.7,1.7,14.0,4.5,0.1
35.0,3.7,0.5,43.9,19.0,3.0,1.9,4.6,4.9,0.2,0.1,8.0,0.0,12.8,3.6,1.2
13.0,3.2,0.3,61.7,12.0,1.0,2.2,3.1,5.3,1.0,1.4,24.8,0.0,21.2,3.6,2.2
43.0,3.5,0.6,45.7,34.0,2.0,2.1,3.3,4.6,0.7,0.2,10.7,0.0,12.8,5.5,9.9
12.0,3.9,0.7,48.7,4.0,0.0,1.1,3.2,3.1,0.3,0.0,3.6,0.0,24.7,6.5,5.3
8.0,4.3,1.3,40.0,12.0,0.0,2.4,2.3,3.9,2.9,1.0,25.1,0.0,11.9,4.6,3.1
7.0,2.9,0.6,40.0,4.0,0.0,1.7,1.7,5.3,0.3,0.0,3.9,0.0,8.4,3.4,3.8
2.0,3.0,0.6,51.5,0.0,0.0,1.6,4.4,9.7,2.2,0.4,14.4,0.0,19.8,1.9,1.0
14.0,2.9,1.0,38.4,13.0,2.0,1.6,4.3,3.9,3.9,3.3,24.2,0.1,25.0,4.0,3.3
5.0,4.2,2.5,47.3,0.0,0.0,1.8,2.9,20.8,0.0,1.4,28.0,0.0,18.4,3.4,0.0
6.0,4.7,1.5,33.1,0.0,0.0,1.3,3.7,8.9,1.9,1.5,17.9,0.0,21.7,6.9,2.3
4.0,3.5,0.2,50.1,1.0,0.0,2.3,5.1,3.1,1.2,0.5,13.4,0.1,12.7,5.7,5.3
7.0,2.5,0.7,53.6,12.0,1.0,2.1,4.0,3.4,2.0,1.6,17.7,0.1,23.0,5.6,15.8
9.0,1.9,0.6,50.8,19.0,3.0,0.9,3.7,4.7,1.7,0.9,23.1,0.0,22.8,5.5,9.7
6.0,4.3,0.5,45.6,3.0,0.0,1.1,1.4,3.6,0.5,0.0,11.6,0.0,30.2,4.4,20.1
22.0,2.5,0.6,46.4,28.0,7.0,1.9,3.2,3.3,0.7,0.6,11.9,0.1,23.2,9.4,32.5
12.0,2.6,0.5,59.0,3.0,0.0,1.9,5.5,7.3,2.9,0.9,22.1,0.1,20.6,10.8,18.0
25.0,2.5,0.3,53.9,38.0,3.0,2.0,3.2,5.0,0.4,0.6,8.7,0.1,10.7,2.1,1.2
7.0,4.7,1.4,41.9,3.0,0.0,1.3,1.8,5.3,2.3,1.1,33.1,0.0,24.5,5.1,2.3
9.0,3.0,0.4,37.4,8.0,1.0,1.7,5.0,5.2,0.6,0.5,13.9,0.2,27.3,8.2,40.2
12.0,2.3,0.2,62.2,17.0,2.0,2.1,2.6,3.3,0.4,0.1,13.8,0.2,10.7,1.7,0.4
9.0,3.4,0.6,44.7,13.0,0.0,1.9,2.7,4.7,0.2,0.2,10.8,0.0,8.2,8.1,1.8
6.0,4.2,1.1,42.3,1.0,1.0,1.7,2.0,8.9,2.4,3.3,19.7,0.0,18.5,2.0,0.0
4.0,3.5,1.0,66.0,17.0,2.0,1.9,3.1,5.0,1.3,0.7,16.6,0.0,20.7,5.6,4.7
2.0,2.0,0.9,100.0,2.0,1.0,1.8,1.8,7.9,0.8,8.2,29.8,0.0,12.0,2.6,5.0
9.0,2.7,0.6,57.8,25.0,2.0,1.5,3.0,4.5,0.5,0.4,7.9,0.0,17.3,5.2,9.0
7.0,1.9,0.8,53.7,14.0,5.0,1.6,4.3,5.3,0.9,0.2,13.1,0.0,21.5,4.2,4.7
5.0,2.4,1.1,49.6,7.0,3.0,1.3,2.4,7.3,3.9,4.8,21.8,0.0,25.7,5.1,4.5
5.0,3.3,0.6,46.5,1.0,1.0,1.1,5.4,4.3,4.1,1.2,25.5,0.2,25.0,5.7,3.5
9.0,3.6,0.5,45.2,11.0,1.0,1.3,4.1,2.6,0.5,0.6,14.7,0.0,20.8,3.1,0.5
27.0,2.4,0.8,47.3,50.0,14.0,2.0,2.5,5.2,1.9,0.6,8.9,0.0,24.0,6.0,22.7
48.0,2.6,0.4,50.7,41.0,3.0,2.6,3.7,6.7,3.5,1.7,22.5,0.1,23.3,5.0,1.1
23.0,2.6,0.3,57.7,6.0,0.0,2.1,2.8,6.0,0.9,0.6,9.0,0.0,13.4,7.2,0.4
17.0,1.7,0.6,61.4,40.0,3.0,1.5,3.8,4.5,1.4,0.8,18.8,0.1,20.5,5.3,8.9
2.0,3.5,1.3,39.3,2.0,0.0,1.6,2.1,2.9,2.2,1.1,18.4,0.0,8.8,1.7,1.0
324.0,3.2,0.6,46.5,314.0,26.0,1.8,2.2,4.1,0.9,0.5,16.5,0.1,21.0,4.3,9.4
10.0,3.0,1.0,53.0,9.0,1.0,2.0,1.3,6.7,1.2,1.5,20.8,0.0,24.7,7.4,4.9
16.0,1.9,0.5,37.8,13.0,3.0,2.0,3.1,7.0,1.1,0.9,13.3,0.0,22.4,5.6,19.6
7.0,1.9,0.5,52.8,14.0,11.0,2.4,3.4,4.2,1.3,1.0,24.5,0.0,26.5,6.6,17.8
15.0,3.7,0.6,31.7,8.0,2.0,2.3,1.1,5.5,1.3,1.3,10.1,0.9,7.2,3.9,2.4
11.0,3.1,0.6,41.2,4.0,0.0,1.6,2.3,7.1,2.4,0.6,17.3,0.0,21.3,6.8,7.8
6.0,4.2,0.4,46.2,1.0,0.0,1.0,2.3,7.2,0.6,0.9,13.5,0.0,12.9,3.3,3.1
3.0,3.5,0.5,33.6,0.0,0.0,2.4,5.4,1.5,1.5,0.0,20.1,0.0,27.0,6.4,6.9
12.0,1.8,0.6,47.3,14.0,5.0,1.6,2.1,5.2,1.3,0.5,20.1,0.0,22.5,7.0,2.1
6.0,3.3,0.5,54.6,2.0,0.0,2.4,2.0,2.9,0.3,0.2,8.6,0.1,13.9,7.1,15.4
10.0,2.5,0.6,52.1,12.0,7.0,1.5,2.6,5.2,3.0,1.1,18.4,0.0,23.6,10.7,1.2
10.0,2.3,0.5,42.7,11.0,1.0,2.3,2.5,4.3,0.9,0.4,6.1,0.1,15.6,4.8,14.5
7.0,2.7,0.4,45.2,4.0,0.0,2.2,2.2,5.8,1.1,0.7,16.8,0.0,16.1,5.6,19.1
26.0,3.3,0.4,54.1,8.0,1.0,1.6,2.9,4.7,0.1,0.2,7.7,0.1,13.4,4.3,1.0
8.0,2.8,0.7,50.9,8.0,0.0,2.3,5.2,3.1,2.6,0.1,11.1,0.0,6.9,5.9,1.4
20.0,4.0,0.6,44.2,2.0,0.0,1.6,3.4,4.7,0.8,0.7,13.0,0.0,25.2,6.4,10.9
29.0,2.9,0.4,51.0,42.0,3.0,2.2,2.9,3.1,0.3,0.1,9.6,0.0,13.3,1.8,1.1
6.0,2.3,0.5,50.3,4.0,0.0,1.4,2.7,6.6,1.3,1.3,24.6,0.0,22.8,7.2,1.3
5.0,2.6,0.6,50.5,0.0,0.0,1.6,3.5,3.4,3.9,1.7,16.2,0.2,24.5,7.0,0.8
15.0,3.3,0.5,40.2,15.0,3.0,2.7,4.1,6.7,3.9,1.7,19.9,0.4,21.5,7.4,0.1
125.0,4.0,0.9,41.6,29.0,3.0,1.7,3.6,2.5,0.3,0.2,10.0,0.0,23.0,4.9,11.8
20.0,3.4,1.2,42.8,2.0,2.0,1.5,3.7,5.4,2.1,1.3,19.9,0.0,22.8,4.6,0.7
5.0,3.8,0.7,38.1,0.0,0.0,2.2,2.9,3.6,1.4,0.6,11.6,0.0,10.0,2.9,0.9
9.0,1.2,0.4,72.1,9.0,0.0,1.5,4.0,4.2,0.5,0.7,25.9,0.0,26.9,5.8,14.5
25.0,2.2,0.5,55.9,62.0,17.0,2.3,4.9,6.6,1.6,0.6,19.3,0.1,23.2,7.5,12.9
11.0,3.6,0.6,44.7,2.0,0.0,1.6,5.9,4.2,3.5,0.3,19.7,0.0,21.6,7.2,15.3
6.0,3.3,0.5,49.0,4.0,2.0,1.5,4.4,3.5,0.4,0.2,9.5,0.0,25.1,6.7,5.7
2.0,1.5,0.3,52.8,2.0,0.0,1.9,4.7,4.7,2.2,1.0,27.7,0.0,33.8,4.0,0.3
3.0,2.7,1.0,49.1,1.0,1.0,1.4,3.8,7.5,6.6,5.5,17.3,2.5,26.9,7.0,3.9
10.0,3.0,0.6,43.8,9.0,4.0,1.8,5.4,4.3,3.8,0.6,29.2,0.0,22.3,5.3,5.9
9.0,3.2,1.7,50.1,3.0,0.0,1.3,3.6,5.8,2.5,0.3,20.5,0.0,25.7,5.5,4.7
17.0,1.9,0.5,50.8,12.0,1.0,1.8,3.9,7.2,0.9,0.8,12.0,0.1,25.2,5.8,5.2
11.0,3.1,0.5,42.1,6.0,0.0,1.6,4.2,5.3,2.4,0.7,17.5,0.0,25.4,6.7,1.8
13.0,4.2,0.6,42.9,1.0,0.0,1.5,3.4,2.0,0.5,0.2,5.6,0.0,23.3,5.2,40.7
6.0,3.7,0.7,38.6,5.0,1.0,2.3,2.6,7.3,0.5,1.0,16.5,0.0,15.3,4.8,0.7
5.0,1.8,0.5,47.0,6.0,0.0,2.0,3.2,5.4,2.5,0.9,17.0,0.0,27.5,7.2,3.3
10.0,2.8,0.8,28.9,20.0,0.0,2.4,1.8,4.6,0.0,0.2,5.1,0.0,4.6,5.0,0.4
20.0,2.6,0.6,52.8,16.0,2.0,2.3,4.0,5.7,1.9,1.0,22.2,0.2,19.8,5.1,2.1
15.0,4.2,1.0,52.0,3.0,0.0,1.2,0.0,16.5,0.0,14.0,7.6,0.0,36.6,19.4,27.0
18.0,1.6,0.5,57.7,59.0,9.0,1.9,2.6,5.1,0.8,0.6,11.8,0.0,21.0,3.3,57.7
22.0,4.1,0.7,34.4,1.0,0.0,1.4,3.4,3.7,1.5,0.6,19.3,0.0,26.5,3.7,1.5
10.0,4.8,1.6,27.5,2.0,0.0,1.7,2.7,3.0,2.5,0.5,16.8,0.0,16.8,3.4,0.8
2.0,4.5,0.8,50.4,1.0,0.0,1.5,6.0,5.5,1.6,0.2,19.2,0.0,25.8,4.0,5.2
3.0,3.3,1.0,53.8,14.0,0.0,1.4,5.3,3.5,0.5,0.6,22.6,0.0,7.7,1.7,1.2
2.0,3.0,0.8,29.3,0.0,0.0,2.1,0.9,9.4,1.5,0.1,28.0,0.0,28.7,6.3,12.5
18.0,2.7,0.4,49.2,21.0,9.0,1.6,1.8,4.6,0.5,0.3,9.6,0.0,21.6,4.5,24.7
7.0,3.6,0.5,43.3,2.0,0.0,1.3,4.2,4.7,1.1,1.0,11.2,0.0,17.8,4.0,1.8
17.0,3.4,0.7,42.0,20.0,0.0,1.3,2.3,3.2,0.7,0.1,7.5,0.0,19.6,4.7,2.6
11.0,2.7,0.5,51.9,22.0,1.0,2.0,2.1,5.5,0.2,0.5,7.6,0.0,10.6,7.2,4.7
16.0,1.8,0.5,53.7,28.0,8.0,1.8,2.3,5.1,1.1,0.8,23.3,0.0,21.2,3.7,3.7
4.0,2.5,1.2,54.1,5.0,3.0,1.8,2.2,6.1,2.8,4.0,25.9,0.0,25.2,4.0,3.2
5.0,4.2,0.7,54.8,0.0,0.0,1.6,2.8,4.4,0.1,0.4,14.4,0.0,21.2,5.0,2.7
13.0,2.1,0.6,53.6,20.0,1.0,1.7,2.6,6.6,1.4,1.1,19.1,0.0,27.1,8.1,8.1
14.0,1.7,0.4,49.5,49.0,5.0,2.6,1.9,6.8,1.6,1.6,19.8,0.0,19.1,8.1,8.3
67.0,2.9,0.4,44.7,89.0,3.0,2.0,3.3,3.2,0.3,0.2,8.9,0.0,12.9,3.2,1.1
2.0,4.0,0.8,51.0,1.0,0.0,2.2,8.7,5.9,2.4,7.0,14.4,0.0,20.9,4.6,0.0
11.0,3.6,0.8,44.2,5.0,0.0,1.4,5.2,5.1,2.4,0.8,20.3,0.0,31.7,6.8,4.5
8.0,3.8,0.5,44.0,20.0,2.0,2.3,1.8,4.1,1.6,0.4,18.2,0.0,12.8,4.9,2.3
8.0,4.4,0.9,30.5,6.0,0.0,2.1,2.3,2.4,0.5,0.5,12.0,0.0,10.2,3.8,3.0
15.0,3.4,0.5,43.2,17.0,2.0,1.5,3.6,5.0,1.7,0.9,21.7,0.1,19.1,5.2,1.3
5.0,4.6,0.4,38.4,0.0,0.0,3.6,4.2,7.0,2.3,0.7,10.4,0.0,9.5,6.1,0.2
18.0,2.3,0.5,39.8,15.0,4.0,2.3,1.5,4.3,0.5,0.4,10.5,0.0,11.2,6.1,2.4
11.0,3.5,0.5,39.7,4.0,1.0,1.6,5.0,3.6,0.5,0.1,6.6,2.4,22.7,7.7,3.2
7.0,1.9,0.9,63.6,12.0,2.0,1.8,2.4,6.9,4.2,2.2,18.1,0.0,19.0,5.6,4.8
17.0,2.4,0.5,74.4,24.0,3.0,2.6,4.8,5.9,2.8,2.3,25.2,0.2,25.7,6.8,4.2
6.0,4.3,2.3,30.9,1.0,0.0,3.3,6.8,4.8,1.7,4.3,33.7,0.0,25.2,11.2,0.9
12.0,1.8,0.4,65.8,13.0,2.0,2.0,3.1,7.3,1.2,0.4,20.8,0.0,24.2,10.4,7.6
